Workbook

Sheet codigo azul
B1: CONSTATACIÓN EN TERRENO CÓDIGO AZUL
B2: PRIORIZAR: TOMA DE MUESTRA, DENTAL, KINESIOLOGIA, PERSONAS QUE PASEN POR SALA ESPERA PRINCIPAL Y DENTAL
B3: UNIDAD:
B4: FUNCIONARIO:
B5: FECHA:
B6: CONDUCTA:(completar con si/no)
A7: Item 2 | B7: ¿Ha leido el protocolo código azul?
A8: Item 3 | B8: ¿Cuál es su responsabilidad según el protocolo?
A9: Item 4 | B9: ¿En qué caso se activa el protocolo?
A10: Item 5 | B10: ¿Quienes componen el equipo de rescate código azul?
A11: Item 6 | B11: Explica como se activa el protocolo
B12: Resultado | C12: =IF(Hoja1!B4+Hoja1!B5<5," ",IF(Hoja1!B4=5,"Aprobado","Reprobado")) | D12: =IF(Hoja1!C4+Hoja1!C5<5," ",IF(Hoja1!C4=5,"Aprobado","Reprobado")) | E12: =IF(Hoja1!D4+Hoja1!D5<5," ",IF(Hoja1!D4=5,"Aprobado","Reprobado")) | F12: =IF(Hoja1!E4+Hoja1!E5<5," ",IF(Hoja1!E4=5,"Aprobado","Reprobado")) | G12: =IF(Hoja1!F4+Hoja1!F5<5," ",IF(Hoja1!F4=5,"Aprobado","Reprobado")) | H12: =IF(Hoja1!G4+Hoja1!G5<5," ",IF(Hoja1!G4=5,"Aprobado","Reprobado")) | I12: =IF(Hoja1!H4+Hoja1!H5<5," ",IF(Hoja1!H4=5,"Aprobado","Reprobado")) | J12: =IF(Hoja1!I4+Hoja1!I5<5," ",IF(Hoja1!I4=5,"Aprobado","Reprobado")) | ... Q12: =IF(Hoja1!P4+Hoja1!P5<5," ",IF(Hoja1!P4=5,"Aprobado","Reprobado")) | R12: =IF(Hoja1!Q4+Hoja1!Q5<7," ",IF(Hoja1!Q4=7,"Aprobado","Reprobado")) | S12: =IF(Hoja1!R4+Hoja1!R5<7," ",IF(Hoja1!R4=7,"Aprobado","Reprobado")) | T12: =IF(Hoja1!S4+Hoja1!S5<7," ",IF(Hoja1!S4=7,"Aprobado","Reprobado")) | U12: =IF(Hoja1!T4+Hoja1!T5<7," ",IF(Hoja1!T4=7,"Aprobado","Reprobado")) | V12: =IF(Hoja1!U4+Hoja1!U5<7," ",IF(Hoja1!U4=7,"Aprobado","Reprobado")) | W12: =IF(Hoja1!V4+Hoja1!V5<7," ",IF(Hoja1!V4=7,"Aprobado","Reprobado")) | X12: =IF(Hoja1!W4+Hoja1!W5<7," ",IF(Hoja1!W4=7,"Aprobado","Reprobado")) | Y12: =IF(Hoja1!X4+Hoja1!X5<7," ",IF(Hoja1!X4=7,"Aprobado","Reprobado")) | ... AI12: =IF(Hoja1!AH4+Hoja1!AH5<7," ",IF(Hoja1!AH4=7,"Aprobado","Reprobado"))
B13: OBSERVACIÓN: SE OBTIENE UN TAMAÑO MUESTRAL DE 15 PERSONAS EN EL PERIODO, CON UNA DESVIACIÓN ESTÁNDAR DE 1 Y MARGEN DE ERROR DE 0.5%
B14: PERIODO CADA 3 MESES CON CUMPLIMIENTO PROGRESIVO DEFINIDO EN EVALUACION INSTITUCIONAL ANUAL. POR MES 5 PERSONAS ENCUESTADAS.

Sheet Hoja1
B4: =COUNTIF('codigo azul'!C7:C11,"si") -> 0 | C4: =COUNTIF('codigo azul'!D7:D11,"si") -> 0 | D4: =COUNTIF('codigo azul'!E7:E11,"si") -> 0 | E4: =COUNTIF('codigo azul'!F7:F11,"si") -> 0 | F4: =COUNTIF('codigo azul'!G7:G11,"si") -> 0 | G4: =COUNTIF('codigo azul'!H7:H11,"si") -> 0 | H4: =COUNTIF('codigo azul'!I7:I11,"si") -> 0 | I4: =COUNTIF('codigo azul'!J7:J11,"si") -> 0 | ... AL4: =COUNTIF('codigo azul'!AM7:AM11,"si") -> 0
B5: =COUNTIF('codigo azul'!C7:C11,"no") -> 0 | C5: =COUNTIF('codigo azul'!D7:D11,"no") -> 0 | D5: =COUNTIF('codigo azul'!E7:E11,"no") -> 0 | E5: =COUNTIF('codigo azul'!F7:F11,"no") -> 0 | F5: =COUNTIF('codigo azul'!G7:G11,"no") -> 0 | G5: =COUNTIF('codigo azul'!H7:H11,"no") -> 0 | H5: =COUNTIF('codigo azul'!I7:I11,"no") -> 0 | I5: =COUNTIF('codigo azul'!J7:J11,"no") -> 0 | ... AL5: =COUNTIF('codigo azul'!AM7:AM11,"no") -> 0
B7: Aprobados | C7: Reprobados
B8: =COUNTIF('codigo azul'!C12:AI12,"Aprobado") -> 0 | C8: =COUNTIF('codigo azul'!C12:AI12,"Reprobado") -> 0
A15: Criterios | B15: SI | C15: NO
A16: Manos y muñecas libres de accesorios | B16: =COUNTIF('codigo azul'!C7:AI7,"si") -> 0 | C16: =COUNTIF('codigo azul'!C7:AI7,"no") -> 0
A17: Se mojan manos con agua corriente | B17: =COUNTIF('codigo azul'!C8:AI8,"si") -> 0 | C17: =COUNTIF('codigo azul'!C8:AI8,"no") -> 0
A18: Se aplica jabón de dispensador | B18: =COUNTIF('codigo azul'!C9:AI9,"si") -> 0 | C18: =COUNTIF('codigo azul'!C9:AI9,"no") -> 0
A19: Se friccionan dedos y manos poniendo énfasis en espacios interdigitales | B19: =COUNTIF('codigo azul'!C10:AI10,"si") -> 0 | C19: =COUNTIF('codigo azul'!C10:AI10,"no") -> 0
A20: Se enjuaga manos con abundante agua sin dejar jabón residual | B20: =COUNTIF('codigo azul'!C11:AI11,"si") -> 0 | C20: =COUNTIF('codigo azul'!C11:AI11,"no") -> 0
A21: Se seca con toalla desechable | B21: =COUNTIF('codigo azul'!#REF!,"si") -> #ERROR! | C21: =COUNTIF('codigo azul'!#REF!,"no") -> #ERROR!
A22: Cierra la llave sin contaminar manos | B22: =COUNTIF('codigo azul'!#REF!,"si") -> #ERROR! | C22: =COUNTIF('codigo azul'!#REF!,"no") -> #ERROR!
