Workbook

Sheet mayo a julio 26
B2: PAUTA DE COTEJO CUMPLIMIENTO PROTOCOLO DE TOMA DE MUESTRA, ROTULACIÓN, REGISTROS, TRASLADO Y RECEPCIÓN DE PAPANICOLAU- GCL 1.8-APA 1.2
B3: EVALUAR EN MATER CESFAM DR. ORLANDO LEYTON A. PERALILLO
C4: 1 | D4: 2 | E4: 3 | F4: 4 | G4: 5 | H4: 6 | I4: 7 | J4: 8 | K4: 9 | L4: 10 | M4: 11 | N4: 12 | O4: 13 | P4: 14 | Q4: 15 | R4: 16 | S4: 17 | T4: 18 | U4: 19 | V4: 20 | W4: 21 | X4: 22 | Y4: 23 | Z4: 24 | AA4: 25 | AB4: 26 | AC4: 27 | AD4: 28 | AE4: 29 | AF4: 30 | AG4: 31 | AH4: 32 | AI4: 33 | AJ4: 34 | AK4: 35 | AL4: 36 | AM4: 37 | AN4: 38 | AO4: 39 | AP4: 40 | AQ4: 41 | AR4: 42 | AS4: 43 | AT4: 44 | AU4: 45 | AV4: 46 | AW4: 47 | AX4: 48 | AY4: 49 | AZ4: 50 | BA4: 51 | BB4: 52 | BC4: 53 | BD4: 54 | BE4: 55 | BF4: 56 | BG4: 57
B5: UNIDAD:
B6: FUNCIONARIO RESPONSABLE DE REGISTRO SEC:
B7: FECHA DEL REGISTRO:
B8: PERSONA QUE EVALÚA:
B9: REQUERIMIENTOS MÍNIMOS A COMPLETAR: (si/no)
A10: 1 | B10: RUN.
A11: 2 | B11: Apellido paterno.
A12: 3 | B12: Apellido materno.
A13: 4 | B13: Nombre.
A14: 5 | B14: Procedencia.
A15: 6 | B15: Fecha de nacimiento.
A16: 7 | B16: Número de teléfono
A17: 8 | B17: Fecha de toma de PAP.
A18: 9 | B18: Hora de toma de examen
A19: 10 | B19: Antecedentes de PAP anterior.
A20: 11 | B20: Referir si es una muestra Ges o no Ges.
A21: 12 | B21: Nombre del médico o matrona que toma el PAP (Nombre, apellidos, RUN).
... A23: 14 | B23: Fecha de última menstruación.
B24: Resultado | C24: =IF(Hoja1!B4+Hoja1!B5<7," ",IF(Hoja1!B4=7,"Aprobado","Reprobado")) | D24: =IF(Hoja1!C4+Hoja1!C5<7," ",IF(Hoja1!C4>=7,"Aprobado","Reprobado")) | E24: =IF(Hoja1!D4+Hoja1!D5<7," ",IF(Hoja1!D4>=7,"Aprobado","Reprobado")) | F24: =IF(Hoja1!E4+Hoja1!E5<7," ",IF(Hoja1!E4>=7,"Aprobado","Reprobado")) | G24: =IF(Hoja1!F4+Hoja1!F5<7," ",IF(Hoja1!F4>=7,"Aprobado","Reprobado")) -> #REF! | H24: =IF(Hoja1!G4+Hoja1!G5<7," ",IF(Hoja1!G4>=7,"Aprobado","Reprobado")) -> #REF! | I24: =IF(Hoja1!H4+Hoja1!H5<7," ",IF(Hoja1!H4>=7,"Aprobado","Reprobado")) -> #REF! | J24: =IF(Hoja1!I4+Hoja1!I5<7," ",IF(Hoja1!I4>=7,"Aprobado","Reprobado")) -> #REF! | K24: =IF(Hoja1!J4+Hoja1!J5<7," ",IF(Hoja1!J4>=7,"Aprobado","Reprobado")) -> #REF! | ... BG24: =IF(Hoja1!BF4+Hoja1!BF5<7," ",IF(Hoja1!BF4>=7,"Aprobado","Reprobado"))
B25: Observaciones
B26: Periodicidad cada 3 meses, con un tamaño muestral de 57 casos en el trimestre, según calculadora SIS, 90% de cumplimiento y error 0.05%
B27: Considera para aprobación el 100% de los ítem completados en hoja SEC
B29: N° aprobados en el trimestre
B30: N° reprobados en el trimestre
B31: N° total en el trimestre

Sheet ago a oct 26
B2: PAUTA DE COTEJO CUMPLIMIENTO PROTOCOLO DE TOMA DE MUESTRA, ROTULACIÓN, REGISTROS, TRASLADO Y RECEPCIÓN DE PAPANICOLAU- GCL 1.8-APA 1.2
B3: EVALUAR EN MATER CESFAM DR. ORLANDO LEYTON A. PERALILLO
C4: 1 | D4: 2 | E4: 3 | F4: 4 | G4: 5 | H4: 6 | I4: 7 | J4: 8 | K4: 9 | L4: 10 | M4: 11 | N4: 12 | O4: 13 | P4: 14 | Q4: 15 | R4: 16 | S4: 17 | T4: 18 | U4: 19 | V4: 20 | W4: 21 | X4: 22 | Y4: 23 | Z4: 24 | AA4: 25 | AB4: 26 | AC4: 27 | AD4: 28 | AE4: 29 | AF4: 30 | AG4: 31 | AH4: 32 | AI4: 33 | AJ4: 34 | AK4: 35 | AL4: 36 | AM4: 37 | AN4: 38 | AO4: 39 | AP4: 40 | AQ4: 41 | AR4: 42 | AS4: 43 | AT4: 44 | AU4: 45 | AV4: 46 | AW4: 47 | AX4: 48 | AY4: 49 | AZ4: 50 | BA4: 51 | BB4: 52 | BC4: 53 | BD4: 54 | BE4: 55 | BF4: 56 | BG4: 57
B5: UNIDAD:
B6: FUNCIONARIO RESPONSABLE DE REGISTRO SEC:
B7: FECHA DEL REGISTRO:
B8: PERSONA QUE EVALÚA:
B9: REQUERIMIENTOS MÍNIMOS A COMPLETAR: (si/no)
A10: 1 | B10: RUN.
A11: 2 | B11: Apellido paterno.
A12: 3 | B12: Apellido materno.
A13: 4 | B13: Nombre.
A14: 5 | B14: Procedencia.
A15: 6 | B15: Fecha de nacimiento.
A16: 7 | B16: Fecha de toma de PAP.
A17: 8 | B17: Antecedentes de PAP anterior.
A18: 9 | B18: Referir si es una muestra Ges o no Ges.
A19: 10 | B19: Nombre del médico o matrona que toma el PAP (Nombre, apellidos, RUN).
A20: 11 | B20: Descripción del cuello uterino.
A21: 12 | B21: Fecha de última menstruación.
B22: Resultado | C22: =IF(Hoja1!B4+Hoja1!B5<7," ",IF(Hoja1!B4=7,"Aprobado","Reprobado")) | D22: =IF(Hoja1!C4+Hoja1!C5<7," ",IF(Hoja1!C4>=7,"Aprobado","Reprobado")) | E22: =IF(Hoja1!D4+Hoja1!D5<7," ",IF(Hoja1!D4>=7,"Aprobado","Reprobado")) | F22: =IF(Hoja1!E4+Hoja1!E5<7," ",IF(Hoja1!E4>=7,"Aprobado","Reprobado")) | G22: =IF(Hoja1!F4+Hoja1!F5<7," ",IF(Hoja1!F4>=7,"Aprobado","Reprobado")) -> #REF! | H22: =IF(Hoja1!G4+Hoja1!G5<7," ",IF(Hoja1!G4>=7,"Aprobado","Reprobado")) -> #REF! | I22: =IF(Hoja1!H4+Hoja1!H5<7," ",IF(Hoja1!H4>=7,"Aprobado","Reprobado")) -> #REF! | J22: =IF(Hoja1!I4+Hoja1!I5<7," ",IF(Hoja1!I4>=7,"Aprobado","Reprobado")) -> #REF! | K22: =IF(Hoja1!J4+Hoja1!J5<7," ",IF(Hoja1!J4>=7,"Aprobado","Reprobado")) -> #REF! | ... BG22: =IF(Hoja1!BF4+Hoja1!BF5<7," ",IF(Hoja1!BF4>=7,"Aprobado","Reprobado"))
B23: Observaciones
B24: Periodicidad cada 3 meses, con un tamaño muestral de 57 casos en el trimestre, según calculadora SIS, 90% de cumplimiento y error 0.05%
B25: Considera para aprobación el 100% de los ítem completados en hoja SEC
B27: N° aprobados en el trimestre
B28: N° reprobados en el trimestre
B29: N° total en el trimestre

Sheet nov 26 a ene 27
B2: PAUTA DE COTEJO CUMPLIMIENTO PROTOCOLO DE TOMA DE MUESTRA, ROTULACIÓN, REGISTROS, TRASLADO Y RECEPCIÓN DE PAPANICOLAU- GCL 1.8-APA 1.2
B3: EVALUAR EN MATER CESFAM DR. ORLANDO LEYTON A. PERALILLO
C4: 1 | D4: 2 | E4: 3 | F4: 4 | G4: 5 | H4: 6 | I4: 7 | J4: 8 | K4: 9 | L4: 10 | M4: 11 | N4: 12 | O4: 13 | P4: 14 | Q4: 15 | R4: 16 | S4: 17 | T4: 18 | U4: 19 | V4: 20 | W4: 21 | X4: 22 | Y4: 23 | Z4: 24 | AA4: 25 | AB4: 26 | AC4: 27 | AD4: 28 | AE4: 29 | AF4: 30 | AG4: 31 | AH4: 32 | AI4: 33 | AJ4: 34 | AK4: 35 | AL4: 36 | AM4: 37 | AN4: 38 | AO4: 39 | AP4: 40 | AQ4: 41 | AR4: 42 | AS4: 43 | AT4: 44 | AU4: 45 | AV4: 46 | AW4: 47 | AX4: 48 | AY4: 49 | AZ4: 50 | BA4: 51 | BB4: 52 | BC4: 53 | BD4: 54 | BE4: 55 | BF4: 56 | BG4: 57
B5: UNIDAD:
B6: FUNCIONARIO RESPONSABLE DE REGISTRO SEC:
B7: FECHA DEL REGISTRO:
B8: PERSONA QUE EVALÚA:
B9: REQUERIMIENTOS MÍNIMOS A COMPLETAR: (si/no)
A10: 1 | B10: RUN.
A11: 2 | B11: Apellido paterno.
A12: 3 | B12: Apellido materno.
A13: 4 | B13: Nombre.
A14: 5 | B14: Procedencia.
A15: 6 | B15: Fecha de nacimiento.
A16: 7 | B16: Fecha de toma de PAP.
A17: 8 | B17: Antecedentes de PAP anterior.
A18: 9 | B18: Referir si es una muestra Ges o no Ges.
A19: 10 | B19: Nombre del médico o matrona que toma el PAP (Nombre, apellidos, RUN).
A20: 11 | B20: Descripción del cuello uterino.
A21: 12 | B21: Fecha de última menstruación.
B22: Resultado | C22: =IF(Hoja1!B4+Hoja1!B5<7," ",IF(Hoja1!B4=7,"Aprobado","Reprobado")) | D22: =IF(Hoja1!C4+Hoja1!C5<7," ",IF(Hoja1!C4>=7,"Aprobado","Reprobado")) | E22: =IF(Hoja1!D4+Hoja1!D5<7," ",IF(Hoja1!D4>=7,"Aprobado","Reprobado")) | F22: =IF(Hoja1!E4+Hoja1!E5<7," ",IF(Hoja1!E4>=7,"Aprobado","Reprobado")) | G22: =IF(Hoja1!F4+Hoja1!F5<7," ",IF(Hoja1!F4>=7,"Aprobado","Reprobado")) -> #REF! | H22: =IF(Hoja1!G4+Hoja1!G5<7," ",IF(Hoja1!G4>=7,"Aprobado","Reprobado")) -> #REF! | I22: =IF(Hoja1!H4+Hoja1!H5<7," ",IF(Hoja1!H4>=7,"Aprobado","Reprobado")) -> #REF! | J22: =IF(Hoja1!I4+Hoja1!I5<7," ",IF(Hoja1!I4>=7,"Aprobado","Reprobado")) -> #REF! | K22: =IF(Hoja1!J4+Hoja1!J5<7," ",IF(Hoja1!J4>=7,"Aprobado","Reprobado")) -> #REF! | ... BG22: =IF(Hoja1!BF4+Hoja1!BF5<7," ",IF(Hoja1!BF4>=7,"Aprobado","Reprobado"))
B23: Observaciones
B24: Periodicidad cada 3 meses, con un tamaño muestral de 57 casos en el trimestre, según calculadora SIS, 90% de cumplimiento y error 0.05%
B25: Considera para aprobación el 100% de los ítem completados en hoja SEC
B27: N° aprobados en el trimestre
B28: N° reprobados en el trimestre
B29: N° total en el trimestre

Sheet febr a abril 27
B2: PAUTA DE COTEJO CUMPLIMIENTO PROTOCOLO DE TOMA DE MUESTRA, ROTULACIÓN, REGISTROS, TRASLADO Y RECEPCIÓN DE PAPANICOLAU- GCL 1.8-APA 1.2
B3: EVALUAR EN MATER CESFAM DR. ORLANDO LEYTON A. PERALILLO
C4: 1 | D4: 2 | E4: 3 | F4: 4 | G4: 5 | H4: 6 | I4: 7 | J4: 8 | K4: 9 | L4: 10 | M4: 11 | N4: 12 | O4: 13 | P4: 14 | Q4: 15 | R4: 16 | S4: 17 | T4: 18 | U4: 19 | V4: 20 | W4: 21 | X4: 22 | Y4: 23 | Z4: 24 | AA4: 25 | AB4: 26 | AC4: 27 | AD4: 28 | AE4: 29 | AF4: 30 | AG4: 31 | AH4: 32 | AI4: 33 | AJ4: 34 | AK4: 35 | AL4: 36 | AM4: 37 | AN4: 38 | AO4: 39 | AP4: 40 | AQ4: 41 | AR4: 42 | AS4: 43 | AT4: 44 | AU4: 45 | AV4: 46 | AW4: 47 | AX4: 48 | AY4: 49 | AZ4: 50 | BA4: 51 | BB4: 52 | BC4: 53 | BD4: 54 | BE4: 55 | BF4: 56 | BG4: 57
B5: UNIDAD:
B6: FUNCIONARIO RESPONSABLE DE REGISTRO SEC:
B7: FECHA DEL REGISTRO:
B8: PERSONA QUE EVALÚA:
B9: REQUERIMIENTOS MÍNIMOS A COMPLETAR: (si/no)
A10: 1 | B10: RUN.
A11: 2 | B11: Apellido paterno.
A12: 3 | B12: Apellido materno.
A13: 4 | B13: Nombre.
A14: 5 | B14: Procedencia.
A15: 6 | B15: Fecha de nacimiento.
A16: 7 | B16: Fecha de toma de PAP.
A17: 8 | B17: Antecedentes de PAP anterior.
A18: 9 | B18: Referir si es una muestra Ges o no Ges.
A19: 10 | B19: Nombre del médico o matrona que toma el PAP (Nombre, apellidos, RUN).
A20: 11 | B20: Descripción del cuello uterino.
A21: 12 | B21: Fecha de última menstruación.
B22: Resultado | C22: =IF(Hoja1!B4+Hoja1!B5<7," ",IF(Hoja1!B4=7,"Aprobado","Reprobado")) | D22: =IF(Hoja1!C4+Hoja1!C5<7," ",IF(Hoja1!C4>=7,"Aprobado","Reprobado")) | E22: =IF(Hoja1!D4+Hoja1!D5<7," ",IF(Hoja1!D4>=7,"Aprobado","Reprobado")) | F22: =IF(Hoja1!E4+Hoja1!E5<7," ",IF(Hoja1!E4>=7,"Aprobado","Reprobado")) | G22: =IF(Hoja1!F4+Hoja1!F5<7," ",IF(Hoja1!F4>=7,"Aprobado","Reprobado")) -> #REF! | H22: =IF(Hoja1!G4+Hoja1!G5<7," ",IF(Hoja1!G4>=7,"Aprobado","Reprobado")) -> #REF! | I22: =IF(Hoja1!H4+Hoja1!H5<7," ",IF(Hoja1!H4>=7,"Aprobado","Reprobado")) -> #REF! | J22: =IF(Hoja1!I4+Hoja1!I5<7," ",IF(Hoja1!I4>=7,"Aprobado","Reprobado")) -> #REF! | K22: =IF(Hoja1!J4+Hoja1!J5<7," ",IF(Hoja1!J4>=7,"Aprobado","Reprobado")) -> #REF! | ... BG22: =IF(Hoja1!BF4+Hoja1!BF5<7," ",IF(Hoja1!BF4>=7,"Aprobado","Reprobado"))
B23: Observaciones
B24: Periodicidad cada 3 meses, con un tamaño muestral de 57 casos en el trimestre, según calculadora SIS, 90% de cumplimiento y error 0.05%
B25: Considera para aprobación el 100% de los ítem completados en hoja SEC
B27: N° aprobados en el trimestre
B28: N° reprobados en el trimestre
B29: N° total en el trimestre

Sheet Hoja1
B4: =COUNTIF('mayo a julio 26'!C10:C23,"si") -> 0 | C4: =COUNTIF('mayo a julio 26'!D10:D23,"si") -> 0 | D4: =COUNTIF('mayo a julio 26'!E10:E23,"si") -> 0 | E4: =COUNTIF('mayo a julio 26'!F10:F23,"si") -> 0 | F4: =COUNTIF('mayo a julio 26'!#REF!,"si") -> #REF! | G4: =COUNTIF('mayo a julio 26'!#REF!,"si") -> #REF! | H4: =COUNTIF('mayo a julio 26'!#REF!,"si") -> #REF! | I4: =COUNTIF('mayo a julio 26'!#REF!,"si") -> #REF! | J4: =COUNTIF('mayo a julio 26'!#REF!,"si") -> #REF! | K4: =COUNTIF('mayo a julio 26'!#REF!,"si") -> #REF! | L4: =COUNTIF('mayo a julio 26'!#REF!,"si") -> #REF! | M4: =COUNTIF('mayo a julio 26'!#REF!,"si") -> #REF! | ... AL4: =COUNTIF('mayo a julio 26'!#REF!,"si") -> #REF!
B5: =COUNTIF('mayo a julio 26'!C10:C23,"no") -> 0 | C5: =COUNTIF('mayo a julio 26'!D10:D23,"no") -> 0 | D5: =COUNTIF('mayo a julio 26'!E10:E23,"no") -> 0 | E5: =COUNTIF('mayo a julio 26'!F10:F23,"no") -> 0 | F5: =COUNTIF('mayo a julio 26'!#REF!,"no") -> #REF! | G5: =COUNTIF('mayo a julio 26'!#REF!,"no") -> #REF! | H5: =COUNTIF('mayo a julio 26'!#REF!,"no") -> #REF! | I5: =COUNTIF('mayo a julio 26'!#REF!,"no") -> #REF! | J5: =COUNTIF('mayo a julio 26'!#REF!,"no") -> #REF! | K5: =COUNTIF('mayo a julio 26'!#REF!,"no") -> #REF! | L5: =COUNTIF('mayo a julio 26'!#REF!,"no") -> #REF! | M5: =COUNTIF('mayo a julio 26'!#REF!,"no") -> #REF! | ... AL5: =COUNTIF('mayo a julio 26'!#REF!,"no") -> #REF!
B7: Aprobados | C7: Reprobados
B8: =COUNTIF('mayo a julio 26'!C24:F24,"Aprobado") -> 0 | C8: =COUNTIF('mayo a julio 26'!C24:F24,"Reprobado") -> 0
A15: Criterios | B15: SI | C15: NO
A16: Manos y muñecas libres de accesorios | B16: =COUNTIF('mayo a julio 26'!C10:F10,"si") -> 0 | C16: =COUNTIF('mayo a julio 26'!C10:F10,"no") -> 0
A17: Se mojan manos con agua corriente | B17: =COUNTIF('mayo a julio 26'!C11:F11,"si") -> 0 | C17: =COUNTIF('mayo a julio 26'!C11:F11,"no") -> 0
A18: Se aplica jabón de dispensador | B18: =COUNTIF('mayo a julio 26'!C12:F12,"si") -> 0 | C18: =COUNTIF('mayo a julio 26'!C12:F12,"no") -> 0
A19: Se friccionan dedos y manos poniendo énfasis en espacios interdigitales | B19: =COUNTIF('mayo a julio 26'!C13:F13,"si") -> 0 | C19: =COUNTIF('mayo a julio 26'!C13:F13,"no") -> 0
A20: Se enjuaga manos con abundante agua sin dejar jabón residual | B20: =COUNTIF('mayo a julio 26'!C19:F19,"si") -> 0 | C20: =COUNTIF('mayo a julio 26'!C19:F19,"no") -> 0
A21: Se seca con toalla desechable | B21: =COUNTIF('mayo a julio 26'!#REF!,"si") -> #REF! | C21: =COUNTIF('mayo a julio 26'!#REF!,"no") -> #REF!
A22: Cierra la llave sin contaminar manos | B22: =COUNTIF('mayo a julio 26'!#REF!,"si") -> #REF! | C22: =COUNTIF('mayo a julio 26'!#REF!,"no") -> #REF!
