Workbook

Sheet Fichas clinicas SOME 1 SEM
B2: PAUTA DE SUPERVISIÓN RECEPCIÓN DE FICHAS CLÍNICAS EN ARCHIVO- SOME CESFAM.
B3: EVALUAR SERVICIOS: UNIDAD DE ARCHIVO- SOME CESFAM DR. ORLANDO LEYTON A. PERALILLO
C4: 1 | D4: 2 | E4: 3 | F4: 4 | G4: 5 | H4: 6 | I4: 7 | J4: 8 | K4: 9 | L4: 10 | M4: 11 | N4: 12 | O4: 13 | P4: 14 | Q4: 15
B5: UNIDAD: | C5: SOME CESFAM
B6: FECHA DE EVALUACIÓN:
B7: PERSONA QUE EVALÚA:
B8: CONDUCTA:(completar con si/no)
B9: Registro contiene fecha de solicitud de ficha
B10: Registro identifica la ficha extraida (nombre y/o RUN)
B11: Registro identifica al funcionario que se lleva de ficha desde unidad de archivo-SOME
B12: Registro contiene la fecha de devolución de la ficha
B13: Se cumple con el plazo de devolución de la ficha a unidad de archivo- SOME (3 días hábiles)
B14: Registro contiene el nombre de la persona de unidad de archivo- SOME que recibe la ficha y la archiva
B15: La ficha se encuentra físicamente en unidad de archivo- SOME
B16: Resultado | C16: =IF(Hoja1!B4+Hoja1!B5<7," ",IF(Hoja1!B4=7,"Aprobado","Reprobado")) | D16: =IF(Hoja1!C4+Hoja1!C5<7," ",IF(Hoja1!C4=7,"Aprobado","Reprobado")) | E16: =IF(Hoja1!D4+Hoja1!D5<7," ",IF(Hoja1!D4=7,"Aprobado","Reprobado")) | F16: =IF(Hoja1!E4+Hoja1!E5<7," ",IF(Hoja1!E4=7,"Aprobado","Reprobado")) | G16: =IF(Hoja1!F4+Hoja1!F5<7," ",IF(Hoja1!F4=7,"Aprobado","Reprobado")) | H16: =IF(Hoja1!G4+Hoja1!G5<7," ",IF(Hoja1!G4=7,"Aprobado","Reprobado")) | I16: =IF(Hoja1!H4+Hoja1!H5<7," ",IF(Hoja1!H4=7,"Aprobado","Reprobado")) | J16: =IF(Hoja1!I4+Hoja1!I5<7," ",IF(Hoja1!I4=7,"Aprobado","Reprobado")) | ... Q16: =IF(Hoja1!P4+Hoja1!P5<7," ",IF(Hoja1!P4=7,"Aprobado","Reprobado"))
B17: MUESTREO POR CONVENIENCIA DE 15 PERSONAS SEMESTRALMENTE SEGÚN OPORTUNIDAD

Sheet Fichas clinicas SOME 2 SEM
B2: PAUTA DE SUPERVISIÓN RECEPCIÓN DE FICHAS CLÍNICAS EN ARCHIVO- SOME CESFAM.
B3: EVALUAR SERVICIOS: UNIDAD DE ARCHIVO- SOME CESFAM DR. ORLANDO LEYTON A. PERALILLO
C4: 1 | D4: 2 | E4: 3 | F4: 4 | G4: 5 | H4: 6 | I4: 7 | J4: 8 | K4: 9 | L4: 10 | M4: 11 | N4: 12 | O4: 13 | P4: 14 | Q4: 15
B5: UNIDAD: | C5: SOME CESFAM
B6: FECHA DE EVALUACIÓN:
B7: PERSONA QUE EVALÚA:
B8: CONDUCTA:(completar con si/no)
B9: Registro contiene fecha de solicitud de ficha
B10: Registro identifica la ficha extraida (nombre y/o RUN)
B11: Registro identifica al funcionario que se lleva de ficha desde unidad de archivo-SOME
B12: Registro contiene la fecha de devolución de la ficha
B13: Se cumple con el plazo de devolución de la ficha a unidad de archivo- SOME (3 días hábiles)
B14: Registro contiene el nombre de la persona de unidad de archivo- SOME que recibe la ficha y la archiva
B15: La ficha se encuentra físicamente en unidad de archivo- SOME
B16: Resultado | C16: =IF(Hoja1!B4+Hoja1!B5<7," ",IF(Hoja1!B4=7,"Aprobado","Reprobado")) | D16: =IF(Hoja1!C4+Hoja1!C5<7," ",IF(Hoja1!C4=7,"Aprobado","Reprobado")) | E16: =IF(Hoja1!D4+Hoja1!D5<7," ",IF(Hoja1!D4=7,"Aprobado","Reprobado")) | F16: =IF(Hoja1!E4+Hoja1!E5<7," ",IF(Hoja1!E4=7,"Aprobado","Reprobado")) | G16: =IF(Hoja1!F4+Hoja1!F5<7," ",IF(Hoja1!F4=7,"Aprobado","Reprobado")) | H16: =IF(Hoja1!G4+Hoja1!G5<7," ",IF(Hoja1!G4=7,"Aprobado","Reprobado")) | I16: =IF(Hoja1!H4+Hoja1!H5<7," ",IF(Hoja1!H4=7,"Aprobado","Reprobado")) | J16: =IF(Hoja1!I4+Hoja1!I5<7," ",IF(Hoja1!I4=7,"Aprobado","Reprobado")) | ... Q16: =IF(Hoja1!P4+Hoja1!P5<7," ",IF(Hoja1!P4=7,"Aprobado","Reprobado"))
B17: MUESTREO POR CONVENIENCIA DE 15 PERSONAS SEMESTRALMENTE SEGÚN OPORTUNIDAD

Sheet Hoja1
B4: =COUNTIF('Fichas clinicas SOME 1 SEM'!C9:C15,"si") -> 0 | C4: =COUNTIF('Fichas clinicas SOME 1 SEM'!D9:D15,"si") -> 0 | D4: =COUNTIF('Fichas clinicas SOME 1 SEM'!E9:E15,"si") -> 0 | E4: =COUNTIF('Fichas clinicas SOME 1 SEM'!F9:F15,"si") -> 0 | F4: =COUNTIF('Fichas clinicas SOME 1 SEM'!G9:G15,"si") -> 0 | G4: =COUNTIF('Fichas clinicas SOME 1 SEM'!H9:H15,"si") -> 0 | H4: =COUNTIF('Fichas clinicas SOME 1 SEM'!I9:I15,"si") -> 0 | I4: =COUNTIF('Fichas clinicas SOME 1 SEM'!J9:J15,"si") -> 0 | ... AH4: =COUNTIF('Fichas clinicas SOME 1 SEM'!AI9:AI15,"si") -> 0 | AI4: =COUNTIF('Fichas clinicas SOME 1 SEM'!AJ9:AJ14,"si") -> 0 | AJ4: =COUNTIF('Fichas clinicas SOME 1 SEM'!AK9:AK14,"si") -> 0 | AK4: =COUNTIF('Fichas clinicas SOME 1 SEM'!AL9:AL14,"si") -> 0 | AL4: =COUNTIF('Fichas clinicas SOME 1 SEM'!AM9:AM14,"si") -> 0
B5: =COUNTIF('Fichas clinicas SOME 1 SEM'!C9:C15,"no") -> 0 | C5: =COUNTIF('Fichas clinicas SOME 1 SEM'!D9:D15,"no") -> 0 | D5: =COUNTIF('Fichas clinicas SOME 1 SEM'!E9:E15,"no") -> 0 | E5: =COUNTIF('Fichas clinicas SOME 1 SEM'!F9:F15,"no") -> 0 | F5: =COUNTIF('Fichas clinicas SOME 1 SEM'!G9:G15,"no") -> 0 | G5: =COUNTIF('Fichas clinicas SOME 1 SEM'!H9:H15,"no") -> 0 | H5: =COUNTIF('Fichas clinicas SOME 1 SEM'!I9:I15,"no") -> 0 | I5: =COUNTIF('Fichas clinicas SOME 1 SEM'!J9:J15,"no") -> 0 | ... AH5: =COUNTIF('Fichas clinicas SOME 1 SEM'!AI9:AI15,"no") -> 0 | AI5: =COUNTIF('Fichas clinicas SOME 1 SEM'!AJ9:AJ14,"no") -> 0 | AJ5: =COUNTIF('Fichas clinicas SOME 1 SEM'!AK9:AK14,"no") -> 0 | AK5: =COUNTIF('Fichas clinicas SOME 1 SEM'!AL9:AL14,"no") -> 0 | AL5: =COUNTIF('Fichas clinicas SOME 1 SEM'!AM9:AM14,"no") -> 0
B7: Aprobados | C7: Reprobados
B8: =COUNTIF('Fichas clinicas SOME 1 SEM'!C16:AI16,"Aprobado") -> 0 | C8: =COUNTIF('Fichas clinicas SOME 1 SEM'!C16:AI16,"Reprobado") -> 0
A15: Criterios | B15: SI | C15: NO
A16: Manos y muñecas libres de accesorios | B16: =COUNTIF('Fichas clinicas SOME 1 SEM'!C9:AI9,"si") -> 0 | C16: =COUNTIF('Fichas clinicas SOME 1 SEM'!C9:AI9,"no") -> 0
A17: Se mojan manos con agua corriente | B17: =COUNTIF('Fichas clinicas SOME 1 SEM'!C10:AI10,"si") -> 0 | C17: =COUNTIF('Fichas clinicas SOME 1 SEM'!C10:AI10,"no") -> 0
A18: Se aplica jabón de dispensador | B18: =COUNTIF('Fichas clinicas SOME 1 SEM'!C11:AI11,"si") -> 0 | C18: =COUNTIF('Fichas clinicas SOME 1 SEM'!C11:AI11,"no") -> 0
A19: Se friccionan dedos y manos poniendo énfasis en espacios interdigitales | B19: =COUNTIF('Fichas clinicas SOME 1 SEM'!C12:AI12,"si") -> 0 | C19: =COUNTIF('Fichas clinicas SOME 1 SEM'!C12:AI12,"no") -> 0
A20: Se enjuaga manos con abundante agua sin dejar jabón residual | B20: =COUNTIF('Fichas clinicas SOME 1 SEM'!C13:AI13,"si") -> 0 | C20: =COUNTIF('Fichas clinicas SOME 1 SEM'!C13:AI13,"no") -> 0
A21: Se seca con toalla desechable | B21: =COUNTIF('Fichas clinicas SOME 1 SEM'!C14:AI14,"si") -> 0 | C21: =COUNTIF('Fichas clinicas SOME 1 SEM'!C14:AI14,"no") -> 0
A22: Cierra la llave sin contaminar manos | B22: =COUNTIF('Fichas clinicas SOME 1 SEM'!C15:AI15,"si") -> 0 | C22: =COUNTIF('Fichas clinicas SOME 1 SEM'!C15:AI15,"no") -> 0
